<?xml version="1.0" encoding="UTF-8"?>
<app 
	jsclass     = "Sample.Hello"
	draggable   = "false"
	id          = "skeleton"
	minimizable = "false"
	name        = "skeleton"
	width       = "100%"
	height      = "100%" 
	hideheader  = "true" 
>
	<author name="" email="" />

	<title>App Title Here</title>

	<description></description>

	<properties></properties>

	<presto-meta name="presto.desktopCompatible" type="text">true</presto-meta>
	<presto-meta name="presto.phoneCompatible" type="text">false</presto-meta>
	<presto-meta name="presto.tabletCompatible" type="text">false</presto-meta>

	<requires>
		<require src="js/app.js" type="script"/>
		<require src="css/app.css" type="css"/>
		<require src="html/app.html" type="html"/>
	</requires>
</app>